department,section,segment,avg_consum_mean,avg_consum_std,qty_customers_count
1,1,1,298.52800157335065,81.39431322743724,3
1,1,2,149.97166951497397,,1
1,1,3,347.9300130208333,,1
1,1,104,249.19317626953125,,1
1,1,105,254.97041829427084,,1
1,1,204,284.0945739746094,97.03790417584416,2
1,1,205,362.0030924479167,,1
1,2,102,138.2721735636393,99.02418556720849,2
1,2,202,352.05150349934894,24.376323741989445,2
1,3,104,225.1275838216146,,1
1,3,201,139.3238321940104,,1
1,4,1,195.32512919108072,184.64251567671488,3
1,4,104,273.37716420491535,103.89106901643214,4
1,4,202,309.13592529296875,,1
1,4,203,29.350916544596355,,1
1,5,102,244.3808390299479,,1
1,5,105,321.7662048339844,3.8600417115810317,2
1,5,106,180.66991170247394,31.662003756038782,2
1,5,201,275.00133260091144,49.06107160266906,2
1,6,101,233.02566189236111,16.9420336849503,3
1,6,202,151.38058471679688,,1
1,6,203,93.80250040690105,,1
1,7,1,47.32316589355469,,1
1,7,9,159.2339579264323,139.66295465125705,2
1,7,103,364.1435953776042,,1
1,7,104,299.6930847167969,58.58508869526689,2
1,7,203,191.39874267578125,,1
1,7,206,280.7756754557292,,1
1,7,207,98.8683369954427,,1
1,7,208,249.4544881184896,,1
1,7,303,247.90958658854166,,1
1,8,1,356.9011637369792,,1
1,8,2,206.718994140625,,1
1,8,4,153.03091891606647,211.3490342504263,2
1,8,105,274.8177519298735,80.00853305038189,7
1,8,114,214.0430908203125,,1
1,8,314,202.18892415364584,,1
1,9,4,364.79150390625,,1
1,9,6,272.5410563151042,131.54395838760993,2
1,9,9,305.4829915364583,,1
1,9,11,271.4804280598958,,1
1,9,15,147.46358235677084,,1
1,9,18,270.54200236002606,12.79132171111146,2
1,9,21,260.75441487630206,,1
1,9,29,316.0819142659505,49.48671890798528,4
1,9,30,391.2965901692708,,1
1,9,33,206.39925130208331,9.647047227540593,2
1,9,38,193.83520992218504,86.97398235776133,21
1,9,59,137.4564412434896,41.61068375834673,3
1,9,60,201.28687690286074,88.85779814686327,17
1,9,61,256.61182556152346,80.26984148512561,10
1,9,117,225.9446081864206,99.93041524868192,19
1,9,217,401.36474609375,,1
1,9,255,339.63983154296875,,1
1,10,5,204.54595129830494,156.8672626912562,7
1,10,6,345.4977620442708,,1
1,10,8,194.441324101554,110.60088970522624,24
1,10,9,298.5367431640625,,1
1,10,12,194.5167715890067,69.11677757523503,7
1,10,21,256.47608439127606,118.94926622331768,2
1,10,40,374.0714111328125,10.390694764428128,2
1,10,45,245.41949462890625,,1
1,10,52,266.2050476074219,61.03116140858776,2
1,10,55,143.50816853841147,,1
1,10,57,251.45575777689615,112.38566064276593,13
1,10,58,230.24539245956245,108.0055824339581,29
1,10,59,303.42653401692706,71.47380446783323,2
1,10,101,272.8590494791667,110.42397703742384,2
1,10,102,183.15046183268228,142.52933237188478,2
1,10,110,223.9158292134603,120.5942652575314,10
1,10,111,337.94191487630206,,1
1,10,117,320.82366943359375,,1
1,10,118,302.628662109375,,1
1,10,123,229.07950846354166,,1
1,10,124,353.615478515625,,1
1,10,126,337.6411539713542,,1
1,10,128,211.6435550230521,103.83111200393934,180
1,10,129,291.9019707573785,66.5360770724918,3
1,10,130,179.17915852864584,,1
1,10,132,369.0575764973958,,1
1,10,136,252.8205769856771,,1
1,10,138,285.69072129991315,81.16522533328595,3
1,10,139,132.86920674641928,40.745078946033274,2
1,10,146,331.6821695963542,,1
1,10,148,374.8279215494792,,1
1,10,149,199.374755859375,,1
1,10,150,225.79608154296875,,1
1,10,168,295.2097727457682,50.24115658890608,8
1,10,201,249.49251708984374,111.05742965565125,25
1,10,202,169.49624972873264,54.1997030975824,3
1,10,203,189.70096299913195,79.91337846685565,15
1,10,207,220.36848156540484,115.56332237411964,36
1,10,210,244.6840616861979,91.18030651453155,3
1,10,211,361.0965983072917,,1
1,10,213,46.183502197265625,,1
1,10,214,122.67191569010417,,1
1,10,217,247.59595489501953,110.23405207377303,4
1,10,218,216.7715047200521,,1
1,10,219,288.9768880208333,145.50296469028433,3
1,10,220,277.78733317057294,,1
1,10,224,383.1890869140625,,1
1,10,225,257.1956787109375,,1
1,10,227,317.2587483723958,,1
1,10,228,212.1803639729818,86.94974738535144,8
1,10,230,151.8376668294271,,1
1,10,231,132.42674763997397,,1
1,10,235,23.326416015625,,1
1,10,236,344.0854899088542,,1
1,10,237,309.69651285807294,,1
1,10,238,15.521834055582682,,1
1,10,239,226.2539265950521,,1
1,10,246,204.66817220052084,,1
1,10,316,369.2962646484375,,1
1,10,319,244.80950927734375,,1
1,10,320,191.75283304850262,84.93590080323253,2
1,10,338,310.30694580078125,106.39427976207057,2
1,10,419,303.4776204427083,39.696208203110515,2
1,10,428,273.20479329427087,91.74575256327111,2
1,11,1,302.7968343098958,,1
1,11,2,333.1847330729167,,1
1,11,4,232.69283718532986,106.72476725942929,3
1,11,12,183.3487548828125,,1
1,11,18,369.5325113932292,,1
1,11,20,207.5566609700521,,1
1,11,28,271.3158365885417,,1
1,11,31,266.1181640625,,1
1,11,32,376.0711669921875,,1
1,11,59,231.3470492892795,100.44885798510606,9
1,11,60,229.0171941121419,123.86452898543077,8
1,11,61,340.58367919921875,,1
1,11,62,256.2362976074219,5.63877089125769,2
1,11,69,232.82750108506943,86.20124771366329,3
1,11,73,342.5542907714844,3.8954028050901024,2
1,11,78,249.85965983072916,,1
1,11,79,193.24247354174418,96.74658672588149,21
1,11,80,121.02100022633871,77.36707119462366,4
1,11,81,201.71836547851564,68.13836731311515,5
1,11,82,201.5210652669271,109.51595636073078,5
1,11,83,368.2033284505208,26.070240224355068,3
1,11,84,226.41340149773487,158.18192404159527,6
1,11,85,173.499755859375,,1
1,11,88,215.6934560139974,184.8438943197717,2
1,11,92,215.63467461722237,149.24341028148967,7
1,11,94,347.453857421875,,1
1,11,95,316.4601643880208,,1
1,11,99,254.13889567057296,36.12266081231035,3
1,11,107,366.60258992513025,42.85055297368562,2
1,11,111,133.6995849609375,,1
1,11,129,27.922332763671875,,1
1,11,136,257.0315755208333,,1
1,11,163,151.58016967773438,,1
1,11,186,152.52477010091147,79.86536417814158,4
1,11,187,231.62737019856772,41.252312109372845,2
1,11,189,281.0011664496528,45.56282372099363,3
1,11,207,210.0238240559896,,1
1,11,209,400.9359944661458,,1
1,11,211,377.5181681315104,38.15064932595406,2
1,11,286,197.6223552449544,111.34855804721161,25
1,11,287,222.24515787760419,137.51982515235792,5
1,11,289,234.6264953613281,93.53225425880737,4
1,12,2,211.99014354887464,123.38071539401867,7
1,12,3,253.34092742321536,86.26010912239934,17
1,12,5,218.15125478108726,95.21618037122556,10
1,12,8,200.6311001925387,98.18977421453948,39
1,12,9,189.2019805908203,17.68460141508896,4
1,12,10,266.84854846530493,101.25479696726421,12
1,12,13,311.03216552734375,,1
1,12,18,263.2281768798828,78.1807206377551,10
1,12,21,390.66650390625,,1
1,12,22,325.9802652994792,,1
1,12,24,145.81375122070312,,1
1,12,31,301.3922526041667,,1
1,12,33,328.0871276855469,107.88498434730272,2
1,12,34,194.93616739908853,71.2490001683698,6
1,12,104,172.63562057957503,87.54807553503224,11
1,12,106,209.96254189809164,119.38460897980124,8
1,12,112,236.05066267649332,107.7917702395696,16
1,12,116,182.29269557529025,103.98853748255384,12
1,12,117,292.423095703125,,1
1,12,127,290.39475504557294,,1
1,12,128,245.45450846354166,,1
1,12,135,96.77246754964192,63.38999903928261,5
1,12,136,210.42641962899106,114.2462055624622,24
1,12,204,287.6775675455729,100.29200072490835,10
1,12,216,231.60361453228526,131.23130499159234,24
1,12,219,188.2248440366803,93.22664188621785,22
1,12,220,304.3232930501302,97.18976410386752,2
1,12,227,293.68975830078125,,1
1,12,228,263.3410333792368,184.5132484904357,4
1,12,229,181.6544189453125,,1
1,12,235,239.5168341434364,103.33474455645728,44
1,12,236,207.22915464459047,75.64999358865256,11
1,13,7,136.9280802408854,,1
1,13,20,317.5479329427083,,1
1,13,21,197.46486160490247,104.36253887555658,24
1,13,24,264.7725016276042,,1
1,13,27,362.7108154296875,,1
1,13,28,223.53753662109375,92.7703347294527,7
1,13,45,35.734832763671875,,1
1,13,46,338.1282450358073,30.310254745340327,2
1,13,48,303.8821614583333,,1
1,13,51,352.5553385416667,,1
1,13,139,361.2732340494792,,1
1,13,240,246.08575439453125,,1
1,13,352,104.21908569335938,,1
1,14,2,264.60508219401044,,1
1,14,6,158.3553263346354,,1
1,14,9,299.33489990234375,58.533390241241825,4
1,14,10,260.68087638051884,108.60689415377479,19
1,14,17,127.66841634114583,,1
1,14,18,318.2767690022786,83.85217819919339,4
1,14,24,377.4377170138889,5.481418634146361,3
1,14,26,308.5498453776042,,1
1,14,105,131.76320616404217,175.97630573857816,2
1,14,111,170.29425048828125,,1
1,14,119,177.91925048828125,,1
1,14,120,177.69822134290422,90.13963570811325,28
1,14,122,344.451416015625,,1
1,14,205,334.0834147135417,,1
1,14,207,341.6195882161458,,1
1,14,208,223.89951176113553,96.27088562684129,12
1,14,212,332.6683349609375,,1
1,14,214,200.11665852864584,,1
1,14,220,233.7521291662146,101.3368054309446,27
1,14,222,295.93149820963544,18.07800659645363,2
1,15,2,251.18987528483072,114.90160787178618,2
1,15,103,221.19315973917642,252.93078972999547,2
1,15,104,333.22658284505206,,1
1,15,105,185.28204345703125,37.84736105363601,2
1,15,107,347.2511698404948,46.10242128083422,2
1,15,110,300.6371188693576,77.31449575677546,3
1,15,114,237.2095743815104,,1
1,15,204,231.8879597981771,78.92814740307871,2
1,15,205,310.5361735026042,,1
1,15,206,294.9879964192708,22.508990422800093,2
1,15,207,296.7711893717448,95.71251206551577,4
1,15,208,261.9235026041667,,1
1,15,209,224.55445353190103,98.12717758430337,6
1,15,211,78.19066365559895,,1
1,15,212,362.89963785807294,53.58897474836882,2
1,15,306,181.90729522705078,219.3337461590539,2
1,15,312,349.8592529296875,,1
1,16,5,81.33150227864583,,1
1,16,7,244.92999267578125,,1
1,16,8,184.73883056640625,,1
1,16,15,195.4385782877604,,1
1,16,17,339.50950113932294,,1
1,16,19,238.61808268229166,,1
1,16,28,210.17142740885416,,1
1,16,41,248.86307779947916,,1
1,16,42,254.92941284179688,23.99178263967181,2
1,16,125,53.1689198811849,,1
1,16,226,286.2133382161458,,1
1,16,227,199.5179506499192,77.19024568212751,29
1,17,6,279.9046698676215,84.49172213645242,3
1,17,10,73.36316426595052,,1
1,17,12,361.1970418294271,27.436151675967963,2
1,17,17,251.80342342979034,101.50033770470513,19
1,17,20,183.88318139495271,102.57193584402775,11
1,17,27,368.0327555338542,,1
1,17,32,223.02571614583331,9.867960552164215,2
1,17,35,243.83817927042648,90.67109985676608,16
1,17,36,185.6350309583876,148.81423024459716,3
1,17,37,176.58325056596235,115.6501101808994,11
1,17,42,337.1301676432292,,1
1,17,44,237.8286641438802,75.9299496255659,2
1,17,118,217.06000551970104,113.56130932937624,23
1,17,122,198.03470300745082,78.9058475437123,9
1,17,123,347.4264322916667,,1
1,17,124,167.03791809082034,75.78470962917466,8
1,17,128,176.8080037434896,,1
1,17,130,226.89049411349825,68.94218535282086,15
1,17,134,166.34254568594474,99.32567093424962,9
1,17,138,200.752197265625,97.43484141591341,9
1,17,139,208.906450398763,105.11869936230975,15
1,17,140,114.6325429280599,34.6810542207124,2
1,17,141,198.2185991075304,76.70681031716752,36
1,17,202,344.7475992838542,,1
1,17,203,202.06171671549478,42.29576647649976,2
1,17,204,260.88625081380206,,1
1,17,208,253.64801025390625,,1
1,17,214,275.49786885579425,160.25661245116848,2
1,17,216,240.3677232530382,102.94097189677942,6
1,17,218,219.48598098754886,79.44210353608806,8
1,17,219,185.3792521158854,,1
1,17,222,190.33193778991696,54.42880495677795,16
1,17,223,80.7625020345052,,1
1,17,224,202.82733154296875,,1
1,17,234,175.20665154090295,112.82599839318948,13
1,17,238,211.899169921875,,1
1,17,239,240.9247097439236,90.36462532181412,12
1,17,240,223.78000340317232,108.63444102910309,11
1,17,241,257.9464882744683,131.42060190796687,6
1,17,303,177.06524658203125,,1
1,17,341,289.55482991536456,,1
1,17,430,205.96776087834292,91.8768988741692,65
1,17,633,178.69803873697919,62.64760072012952,2
1,18,31,195.89599609375,,1
1,18,102,286.9164225260417,,1
1,18,103,348.0103352864583,,1
1,18,104,255.46830240885419,157.58117456520256,2
1,18,105,344.4977620442708,,1
1,18,106,206.93466186523438,103.90109249169427,2
1,18,108,193.75390625,,1
1,18,109,327.8400065104167,,1
1,18,111,323.0524088541667,,1
1,18,112,139.23829594364872,62.11069296010723,9
1,18,114,11.457749684651693,,1
1,18,115,291.2442626953125,,1
1,18,119,196.7506103515625,72.0375683578118,3
1,18,120,233.85017903645834,,1
1,18,121,10.013458569844563,2.740333243079468,2
1,18,122,203.44745483398438,62.85167512770212,5
1,18,123,391.8912353515625,,1
1,18,124,291.0781656901042,,1
1,18,125,339.16257731119794,,1
1,18,128,253.73592122395834,,1
1,18,202,267.2285410563151,98.02905109513542,4
1,18,203,177.7593739827474,91.33526608579339,2
1,18,204,196.2109171549479,,1
1,18,205,311.73516845703125,,1
1,18,206,337.7907307942708,,1
1,18,207,320.5127970377604,4.8085045000097475,2
1,18,209,218.56282552083334,,1
1,18,211,270.273444281684,130.10401634195196,6
1,18,212,185.41141764322919,16.265585113685784,2
1,18,213,177.07383219401044,46.71606141249749,2
1,18,216,147.6421939002143,107.43732021493929,12
1,18,218,236.89083862304688,187.62583268386916,2
1,18,220,177.9190877278646,,1
1,18,221,394.076171875,,1
1,18,224,319.9342854817708,78.81323104223644,2
1,18,225,267.39990234375,,1
1,18,228,81.90258280436198,,1
1,18,230,337.28232828776044,,1
1,18,301,119.68133544921875,,1
1,18,306,297.25583902994794,,1
1,18,319,241.8660888671875,87.58845257313415,3
1,18,321,181.54604085286456,119.50993664533881,2
1,19,3,145.7752482096354,,1
1,19,13,91.68807983398438,,1
1,19,15,310.11672634548614,76.39719142015662,3
1,19,101,394.5115152994792,,1
1,19,102,385.1617431640625,,1
1,19,104,135.82283528645834,,1
1,19,105,194.40226236979166,,1
1,19,107,244.91265869140625,,1
1,19,112,257.6569112141927,27.917640869887425,2
1,19,202,262.87217246161566,225.01654869021363,3
1,19,204,193.37650553385416,,1
1,19,207,219.26929728190106,3.2072569357199963,2
1,19,214,308.6108805338542,37.55166865494404,2
1,20,2,260.4740905761719,36.36733097262831,2
1,20,4,306.24219767252606,92.27724792522866,2
1,20,6,399.610595703125,,1
1,20,9,206.9102579752604,,1
1,20,10,297.6768391927083,,1
1,20,12,384.5447591145833,,1
1,20,13,217.00645955403644,68.4448203843362,2
1,20,28,222.71796671549478,193.33249169565948,2
1,20,29,393.6493326822917,,1
1,20,34,247.81290690104166,,1
1,20,37,206.52706376711524,88.76049247808781,12
1,20,39,58.41208521525065,33.43425018845648,2
1,20,40,234.7753336959415,107.60515644788194,24
1,20,41,213.71200010511612,75.07348713921682,12
1,20,42,308.3887634277344,75.78735436158642,2
1,20,43,219.52604166666669,32.713413649899046,2
1,20,46,265.31858317057294,,1
1,20,48,147.0705539385478,93.6201117869574,8
1,20,49,202.3252695210775,97.65783464588154,25
1,20,121,269.24033610026044,,1
1,20,125,83.21033064524332,114.99135076294985,2
1,20,130,381.80153401692706,6.485063424966614,2
1,20,132,295.8140055338542,,1
1,20,217,322.91623942057294,,1
1,20,222,345.13450113932294,33.23600400091999,2
1,20,225,342.7362467447917,,1
1,20,238,209.2111343383789,94.59892332720473,20
1,20,245,384.01409912109375,2.9915370019657215,2
1,21,2,319.13283284505206,,1
1,21,7,311.5690104166667,,1
1,21,14,402.8489990234375,,1
1,21,16,362.4512532552083,,1
1,21,27,183.27628580729169,56.85591971377517,2
1,21,33,186.70849609375,12.507411548214408,2
1,21,34,205.1068318684896,,1
1,21,35,221.97749837239584,,1
1,21,37,156.20991643269858,202.7250393931519,2
1,21,40,321.90000406901044,85.37925957471685,2
1,21,43,342.8566487630208,,1
1,21,45,351.5904947916667,,1
1,21,129,338.092041015625,19.607654420143447,2
1,21,136,163.78358968098956,55.150214501003255,2
1,21,141,74.06099955240886,,1
1,21,146,256.3661702473958,,1
1,21,204,346.60611300998266,24.32592494981982,3
1,21,206,396.9911702473958,,1
1,21,215,407.4210611979167,,1
1,21,225,293.3524169921875,,1
1,21,228,363.0485432942708,43.55266776974291,2
1,21,229,67.01766967773438,,1
1,21,244,391.701904296875,,1
1,21,246,262.9919704861111,33.28646093501758,3
1,22,6,197.51120905081427,94.27672275654263,32
1,22,7,31.309916178385418,,1
1,22,8,169.08779398600262,108.44455423081557,2
1,22,10,362.71435546875,,1
1,22,15,263.40516888653787,118.00213494754155,9
1,22,16,182.90785245542173,75.36601854489665,18
1,22,17,249.95882161458337,28.6007968015945,6
1,22,21,261.23414357503253,98.93710298617489,12
1,22,22,238.4851119429977,80.27152937470419,27
1,22,24,225.388916015625,62.622962779965654,3
1,22,26,203.61368370056155,112.65889759713356,8
1,22,27,204.39217662811276,123.23691509680961,14
1,22,29,229.86284455798923,66.12957088263168,14
1,22,31,262.816172281901,13.886393492197078,2
1,22,32,211.01419745551212,123.34160964932896,3
1,22,33,227.12270041073066,104.33761675181042,17
1,22,101,359.3684895833333,,1
1,22,102,308.5036214192708,9.098165919540627,4
1,22,103,205.860595703125,,1
1,22,105,207.5501511032517,76.73359156163394,37
1,22,118,397.6285807291667,,1
1,22,119,239.98356080666565,76.95222521775027,26
1,22,123,244.16041437784833,94.73100520442873,8
1,22,125,260.63380432128906,145.00437428986905,4
1,22,134,201.31779526219222,91.33384312767005,11
1,22,202,215.70940520546648,112.92133415082827,22
1,22,203,242.3906200348385,81.94526658341958,21
1,22,204,322.10203806559247,62.102479586586774,8
1,22,218,216.11958741305165,107.02802620845827,19
1,22,219,381.1609293619792,,1
1,22,223,244.5493445763221,101.98864359028798,26
1,22,225,204.0079142252604,103.8669999044175,5
1,22,228,199.95340983072916,,1
1,22,230,362.0658365885417,,1
1,22,234,243.74555257161455,85.13200240201972,10
1,23,105,276.25270589192706,136.78232028145624,2
1,23,106,251.97172546386724,66.43226691063525,10
1,23,107,292.32248942057294,,1
1,23,108,275.74058024088544,83.82550060671409,2
1,23,110,404.8994140625,,1
1,23,112,243.23471291859946,96.34531719758512,32
1,23,205,309.96372477213544,18.823429473294876,3
1,23,206,215.13708311138734,111.87263079025303,11
1,23,207,244.01290486653647,130.2103931139488,5
1,23,210,125.59633382161458,,1
1,23,211,334.0566813151042,,1
1,23,212,253.18981323242187,106.4539937946031,5
1,24,3,222.42582194010416,,1
1,24,4,300.0428466796875,,1
1,24,5,333.1266682942708,100.44886863153489,2
1,24,27,297.4181722005208,154.67183987743974,2
1,24,101,170.22245002515388,78.606323446168,11
1,24,102,237.92315673828125,,1
1,24,106,249.57737731933594,166.96860260071267,2
1,24,108,198.81814236111111,182.8496267542737,3
1,24,110,355.7454833984375,,1
1,24,111,208.37708536783853,125.25552289629088,3
1,24,113,203.670166015625,,1
1,24,114,91.31150309244792,,1
1,24,115,280.9178602430556,32.21899714362745,3
1,24,116,350.464599609375,,1
1,24,117,365.1422526041667,,1
1,24,126,343.87682088216144,62.50881777908733,2
1,24,202,327.67075602213544,,1
1,24,206,83.02474975585938,,1
1,24,207,249.4538370768229,,1
1,24,208,213.07271321614581,120.81573637504951,2
1,24,210,48.690582275390625,,1
1,24,211,268.2719319661458,,1
1,24,213,336.69158935546875,,1
1,24,215,275.4529486762153,66.6151823477987,3
1,24,216,243.21075439453125,203.41717921027842,2
1,24,217,286.06882731119794,,1
1,24,220,337.2245686848958,,1
1,24,225,382.8860677083333,,1
1,24,318,185.29874674479166,,1
1,99,2,125.68741861979167,,1
1,99,6,113.67024739583333,,1
1,99,26,290.9985046386719,133.16341878525296,2
1,99,40,279.95957438151044,,1
1,99,46,274.5744222005208,,1
1,99,50,232.1284899030413,134.96517405988075,7
1,99,52,219.00163777669272,97.93808427398947,3
1,99,53,288.0224914550781,31.65446542690992,2
1,99,58,266.8633728027344,101.70887732762506,2
1,99,71,119.2689208984375,,1
1,99,77,360.146240234375,,1
1,99,151,261.32248942057294,,1
1,99,155,303.72165934244794,,1
1,99,204,219.32340494791666,,1
1,99,210,54.00916544596354,,1
1,99,251,207.56758626302084,,1
1,99,267,202.7752482096354,,1
2,6,105,394.3107503255208,,1
2,7,12,301.2884114583333,,1
2,7,105,349.3179931640625,,1
2,7,304,323.0625,,1
3,1,5,77.30900065104167,,1
3,1,6,83.55841573079427,,1
3,1,9,59.481541872024536,83.4800251373022,2
3,1,10,131.96811252170139,69.97944902963508,3
3,1,12,220.28383255004883,256.54364186093403,2
3,1,13,186.91328938802081,37.56415581082927,2
3,1,17,24.19116719563802,,1
3,1,20,299.2880588107639,29.996714952469787,3
3,1,21,157.43741861979166,76.402316206943,3
3,1,22,141.3580860296885,178.94344241870226,4
3,1,23,155.15166219075522,,1
3,1,24,205.461181640625,,1
3,1,28,137.29283650716147,,1
3,1,102,210.7767537434896,,1
3,1,103,121.75724283854167,,1
3,1,114,166.17557779947919,93.11006069663338,4
3,1,125,39.75249989827474,,1
3,1,201,205.9092368474083,94.24593359479279,21
3,1,202,345.219482421875,,1
3,1,203,186.98990885416666,,1
3,1,214,163.56080457899307,34.48174624372395,3
3,1,301,125.86385938856337,114.27821094859571,3
3,1,302,60.53658548990885,,1
3,2,1,286.9310709635417,,1
3,2,2,226.61021931966144,24.464654545140583,2
3,2,5,212.71280585394967,116.09446112068112,3
3,2,11,241.15269639756943,112.31909177474216,3
3,2,12,50.032501220703125,,1
3,2,13,146.86941782633463,146.23510807615466,2
3,2,14,223.8755086263021,,1
3,2,15,32.694165547688804,,1
3,2,16,226.61358642578125,,1
3,2,20,89.19141642252605,,1
3,2,117,245.34154129028323,158.53614592153,4
3,2,118,189.2028478964781,93.29603898236107,39
3,2,119,221.88634527297248,120.66483485473164,7
3,2,123,61.28095881144206,48.66373584105946,2
3,2,217,285.1405436197917,76.49746784274991,2
3,3,1,205.89872105916342,181.68531326468786,3
3,3,2,187.26904296875,104.52931708326872,4
3,3,5,125.12549845377605,,1
3,3,6,55.17074743906657,69.34501547793428,2
3,3,107,73.30269524786208,108.91532458076239,3
3,3,108,178.67425028483075,37.04473760021459,2
3,4,1,227.46798502604165,94.62163080964045,5
3,4,2,211.84107055664063,116.61517024363049,5
3,4,3,364.6046549479167,,1
3,4,4,61.68633460998535,73.37057988951837,2
3,4,5,189.50079600016275,37.90905340532697,4
3,4,6,235.84711074829104,96.74003609774945,16
3,4,7,264.7506815592448,106.24707139478171,6
3,4,8,232.50570127699112,156.3823397546374,6
3,4,9,211.8063654218401,97.46850634927014,63
3,4,10,212.09245978461368,119.53360747742441,6
3,4,11,179.62007649739584,89.0243869755039,2
3,4,13,163.21348571777344,92.13350762191584,6
3,4,14,141.3927219443851,139.55784435850603,3
3,4,15,174.8871587117513,135.5714509894155,2
3,4,16,207.92891438802084,,1
3,4,17,236.18929545084634,99.4660589713597,2
3,4,18,119.01140796436982,77.64047177151726,17
3,4,19,113.2273941040039,34.51160168454141,4
3,4,20,188.12792107997797,108.55020933822298,13
3,4,21,141.2768325805664,65.33252486252675,4
3,4,22,195.3421466968678,109.79632375149977,9
3,4,23,210.31098022460938,107.50012898112493,10
3,4,24,181.32058048248288,189.82910664927994,4
3,4,26,175.98599751790366,66.23150796899317,2
3,4,27,229.12521362304688,89.89542934205839,5
3,4,29,136.17613309224447,97.4392232746285,10
3,4,30,224.8611933390299,125.5797728678405,4
3,4,32,236.60668436686194,101.23005192682079,15
3,4,33,213.29253133138022,58.6041954592658,8
3,4,36,255.63923876213303,96.68084906623181,11
3,4,37,231.79114726945468,106.31833536151693,17
3,4,39,199.33591245593448,106.72502649868464,55
3,4,48,87.15438486735026,52.81448879017765,5
3,4,49,227.01320393880212,101.77765429539328,9
3,4,51,294.9770100911458,,1
3,4,52,207.97757975260416,,1
3,4,53,182.67505645751953,153.260871743241,4
3,4,54,53.864501953125,,1
3,4,55,263.3254733615451,121.86661108116228,3
3,4,56,191.1546576605903,91.92893117356641,15
3,4,58,154.92803955078125,107.67438587379627,2
3,4,128,152.46958333795718,90.12239201193515,22
3,4,131,196.6892822265625,137.62137953805723,5
3,4,134,202.5766398111979,63.341607912971114,6
3,4,135,260.79493640718005,124.64473741868554,7
3,4,138,201.5215619576944,113.49918537609803,37
3,4,140,158.02570430437726,107.32652848257054,4
3,4,141,198.33403354220923,84.55357813858497,6
3,4,143,174.6646728515625,,1
3,4,144,94.08599853515625,,1
3,4,145,265.51520792643225,79.23129743113772,4
3,4,147,273.4930826822917,150.2962131750775,3
3,4,159,237.99753146701389,93.9187128402319,3
3,4,228,146.29287351346485,79.95010570932628,17
3,4,231,180.16024925595235,101.66893108115734,7
3,4,234,188.88162655300565,128.0935498393726,6
3,4,235,198.6707240513393,105.21943856605128,7
3,4,238,228.9981153439253,120.05979289078822,13
3,4,240,220.51223849341983,102.88316113720367,70
3,4,241,203.06850179036456,85.97763134585827,4
3,4,243,228.27799479166669,130.92636207176648,2
3,4,244,252.9595947265625,,1
3,4,245,203.38121032714844,57.498684554067,2
3,4,246,177.3188730875651,18.168919708915144,2
3,4,247,208.00984700520834,,1
3,4,257,293.8790079752604,37.95868088340537,2
3,4,259,166.04961547851562,79.20884744409923,5
3,4,338,188.403561546689,71.93885621218429,7
3,4,342,210.3473358154297,71.95236608545942,2
3,4,344,191.28495025634766,184.09980336776837,3
3,4,357,255.0533955891927,66.65359785344745,8
3,4,457,181.26018850008649,144.94515353630314,4
3,4,557,111.05575222439238,15.095638008102863,3
3,5,1,102.6370849609375,,1
3,5,2,203.82858784993488,140.51673516265978,2
3,5,3,236.02421061197916,71.20429481535218,2
3,5,4,214.0,,1
3,5,5,130.6687757703993,16.39565705096817,3
3,5,6,207.61935940304312,96.03061086184996,37
3,5,7,157.8357920020518,97.03939958380516,33
3,5,8,233.3598429361979,,1
3,5,9,388.7205810546875,,1
3,5,10,201.85648759945417,96.92480573417687,43
3,5,11,290.5894368489583,,1
3,5,13,108.46946207682291,24.781911744145866,2
3,5,14,231.3552449544271,,1
3,5,112,371.711669921875,,1
3,5,212,248.052001953125,98.44718329758518,2
3,5,216,157.0104522705078,53.808688383623384,4
3,6,1,191.7034454345703,130.62466968957614,3
3,6,2,175.77855428059897,61.342529477091794,3
3,6,3,197.0128377278646,,1
3,6,4,75.61316935221355,,1
3,6,5,97.3619613647461,67.53948360000301,2
3,6,6,238.6498718261719,104.67401701225768,7
3,6,7,157.84999932183158,51.26176822068198,3
3,6,9,175.40408325195312,95.24809430591793,7
3,6,10,394.9864908854167,,1
3,6,13,99.48379262288411,25.103531535342597,2
3,6,14,115.81108432345918,79.45748562294021,3
3,6,15,182.0236307779948,0.7323832015671002,2
3,6,16,175.88140869140625,,1
3,6,17,301.0658365885417,,1
3,6,20,131.3592529296875,41.19158801086099,3
3,6,21,65.05716959635417,,1
3,6,26,177.09936608208548,188.13150955310277,3
3,6,27,367.2708333333333,,1
3,6,108,135.53758748372397,,1
3,6,119,67.35574865341187,93.17581221676835,2
3,6,122,226.2680867513021,,1
3,6,123,154.83331235249838,121.35228794259541,4
3,6,124,273.5067545572917,,1
3,6,223,277.4221598307292,,1
3,6,323,198.8481241861979,235.24435005931042,2
3,8,1,48.13145906726519,67.64837645969662,2
3,8,2,195.24749755859375,,1
3,8,3,191.83833821614584,34.91093387135242,3
3,8,4,234.84625244140625,,1
3,8,5,162.12908935546875,,1
3,8,6,271.5818277994792,,1
3,8,7,165.42733764648438,,1
3,8,9,100.4906717936198,,1
3,8,14,201.51202138264975,112.23069372605671,4
3,8,24,203.59858873155383,113.29311834341188,3
3,8,26,13.913110521104601,9.424445290406643,3
3,8,27,328.65740966796875,,1
3,8,30,22.480708440144856,4.815926841011499,2
3,8,32,124.41821161905925,127.735605389947,4
3,8,38,39.43975067138672,35.452448994827556,2
3,8,39,52.48911073472764,32.490247603020414,3
3,8,40,35.58720842997233,23.135409102652893,10
3,8,41,58.496000183953164,40.81700450126084,12
3,8,42,103.49957762824165,113.09855871175789,15
3,8,44,101.4091295514788,62.05181181659348,7
3,8,45,83.69353246688843,101.09035413374858,8
3,8,48,195.39747789171005,130.312944554665,3
3,8,49,190.51741536458334,,1
3,8,50,47.94041951497396,,1
3,8,51,336.53074137369794,,1
3,8,54,161.46789218698228,92.96631745598808,56
3,8,113,252.4561564127604,,1
3,8,116,151.7130381266276,64.73320751013499,2
3,8,117,112.27108001708984,100.14045530243797,2
3,8,118,59.102263344658745,58.37808154778169,6
3,8,119,27.937416500515408,13.183535350310153,3
3,8,120,82.59108479817708,,1
3,8,121,196.42499415079752,220.11514468434842,2
3,8,122,27.9561874071757,31.0170917996221,4
3,8,123,153.45005708582258,89.78231368889499,34
3,8,136,41.88204129536946,32.473112325394,2
3,8,137,195.84541490342883,162.26863801352533,3
3,8,213,74.30799865722656,,1
3,8,217,62.7719980875651,,1
3,8,219,31.114194658067493,34.064470696178404,3
3,8,220,214.3862298329671,143.4295461283844,4
3,8,221,85.58023173014323,79.52598395001458,5
3,8,222,80.60874430338542,,1
3,8,223,138.7262646905307,87.96189860570672,29
3,8,225,70.94241841634114,,1
3,8,236,402.9560953776042,,1
3,8,237,46.60375086466471,17.131311503047268,2
3,8,318,64.9726053873698,37.03928907876165,4
3,8,319,23.514885703722634,19.796382093114357,8
3,9,2,39.640917460123696,,1
3,9,3,80.52191670735677,,1
3,9,7,185.78450520833334,,1
3,9,8,234.18649419148764,196.07046928897216,3
3,9,11,99.38092041015625,,1
3,9,201,29.91649881998698,,1
3,9,205,249.52775065104166,,1
3,9,210,159.5961710611979,,1
3,10,1,82.03458150227864,,1
3,10,2,20.025541464487713,20.900131474844088,2
3,10,3,181.68397013346356,135.70331247373824,5
3,10,4,289.4074869791667,116.57614194880483,5
3,10,7,0.8217500050862631,,1
3,10,10,85.64333089192708,,1
3,10,11,0.6415833632151285,,1
3,10,12,90.76486163669163,65.38019158485791,3
3,10,13,85.12608337402344,,1
3,10,14,116.53755993313261,94.48368671544344,3
3,10,106,136.81769137912326,53.56568423339838,3
3,10,206,170.6190219455295,120.78157052194315,3
3,11,3,160.16663614908853,109.59109950550538,5
3,11,4,125.52070617675781,25.785653215165496,2
3,11,8,35.790748596191406,,1
3,11,12,9.149833043416342,,1
3,11,13,209.64825439453125,,1
3,11,209,142.96233113606772,70.97041959274173,2
3,12,1,245.5275234646267,148.11976162815066,3
3,12,8,170.86191431681314,189.9812062783274,2
3,12,9,304.94179280598956,14.106832074719073,2
3,12,103,251.51924641927084,,1
3,12,107,146.68599446614584,,1
3,12,203,181.40433756510416,,1
3,13,2,33.625500996907554,,1
3,13,5,228.5252888997396,101.36653072785505,2
3,13,7,128.98488057454426,76.64557285437019,5
3,13,8,252.53690592447916,,1
3,13,9,111.64966837565103,45.007824241850244,2
3,13,10,117.71305677625868,23.93864474527209,3
3,14,1,60.28674793243408,72.18793932030269,2
3,14,5,184.92667643229166,,1
3,14,6,95.03650029500325,93.58652729875242,2
3,14,8,6.737500508626302,,1
3,14,104,179.59574381510416,166.13119349875387,2
3,14,109,344.0461832682292,,1
3,14,204,44.0044199625651,,1
3,15,1,37.27324930826823,,1
3,15,2,137.75341796875,,1
3,15,5,59.44075012207031,,1
3,15,6,59.145751953125,,1
3,15,104,141.31258138020834,,1
3,16,1,127.09503707885742,102.62523353746042,5
3,16,2,242.37625122070307,98.24467805335588,5
3,16,10,191.2583719889323,122.4849727627419,2
3,16,11,139.38150024414062,17.05459210046507,2
3,16,16,127.72725423177083,,1
3,16,17,210.70399475097656,145.1159790987222,2
3,16,18,186.53373209635419,64.04447285812662,14
3,16,20,183.11613972981772,95.03753981279252,3
3,16,103,73.47891743977864,,1
3,16,104,57.967915852864586,,1
3,16,107,150.42933146158853,137.4421110998473,2
3,16,108,239.9039103190104,195.73964994277128,2
3,16,109,259.5221252441406,31.947021650506308,2
3,16,113,244.2528856065538,68.05816867231046,6
3,16,115,93.08032910029094,127.81308002036697,2
3,16,119,245.67525227864584,,1
3,16,121,139.2240131166246,94.53670355050335,12
3,16,122,105.50006892946033,114.70889470590245,6
3,16,123,212.71942762895063,77.93712624593884,22
3,16,203,119.21316528320312,,1
3,16,204,279.0015157063802,144.55538780038466,2
3,16,205,138.8552356901623,94.21854171612918,7
3,16,207,270.28461201985675,145.90138955442856,2
3,16,208,158.84541829427084,,1
3,16,209,212.14650234646263,84.63556681392346,30
3,16,214,194.84375508626303,97.30166657167065,2
3,16,221,156.38941446940103,,1
3,16,308,187.33758544921875,94.48196463130739,2
3,16,321,139.17303665011536,81.6305156049943,34
3,17,24,184.69624837239584,,1
3,17,51,148.69194708930124,159.410393862032,3
3,17,52,165.7294921875,,1
3,17,54,73.7477518717448,,1
3,17,56,39.227081298828125,,1
3,17,57,111.92899576822917,,1
3,17,59,289.7548421223958,,1
3,17,60,233.0877482096354,,1
3,17,61,126.34108072916665,23.96406055590874,5
3,17,65,75.6729998588562,45.909757160304714,4
3,17,77,257.8909657796224,138.64072701052254,2
3,17,99,165.20800018310547,68.10209027789861,4
3,17,100,210.45843505859375,144.0790595032427,4
3,17,101,96.41333134969076,121.15472920959404,2
3,17,146,297.7744954427083,,1
3,17,147,392.5500081380208,,1
3,17,148,193.01200358072916,,1
3,17,158,229.16346232096356,67.2796306334528,2
3,17,162,395.1348470052083,,1
3,17,164,163.4028645470029,131.14255903998944,7
3,17,166,163.85133107503256,124.65542246125455,6
3,17,167,166.91821797688803,98.45630084960929,3
3,17,168,162.31840006510416,45.20775430012573,4
3,17,169,189.07591756184894,80.92884009445228,2
3,17,171,35.80083211263021,,1
3,17,175,90.4100850423177,,1
3,17,176,121.4127566019694,115.78862572509944,2
3,17,182,200.21741061740454,78.04380997662801,3
3,17,200,152.68818259045364,101.16832232486298,41
3,17,244,102.37005106608072,88.23723770630703,5
3,17,245,234.0464121500651,237.65292533966496,2
3,17,248,60.77974955240885,,1
3,17,258,119.04733276367188,35.82097474427743,2
3,17,262,35.1187489827474,,1
3,17,263,270.4048258463542,,1
3,17,264,223.7512919108073,133.55897965877807,2
3,17,266,261.058831108941,60.26647521626791,3
3,17,268,119.16358439127605,,1
3,17,269,4.2504167556762695,,1
3,17,270,43.27750142415365,,1
3,17,271,280.10158284505206,,1
3,17,275,120.89341227213542,,1
3,17,276,223.83349609375,104.01352005303407,2
3,17,282,175.7594197591146,,1
3,17,300,149.3197224934896,96.7722354404006,3
3,17,344,164.2039998372396,,1
3,17,346,264.9237467447917,,1
3,17,350,155.56401125590008,84.75311505700178,7
3,17,366,63.9034440782335,18.019821630016736,3
3,17,370,161.00570225370103,105.88843862108178,23
3,17,371,9.754666646321615,,1
3,17,444,43.36037317911784,5.128349403121982,2
3,17,445,164.21117146809897,47.66889758271086,2
3,17,448,165.52717081705728,,1
3,17,544,5.446750005086263,,1
3,17,545,246.56083170572916,,1
3,17,748,14.10675048828125,,1
3,27,2,211.4260050455729,,1
3,27,3,136.45591905381946,50.840281579672144,3
3,27,4,361.1248372395833,,1
3,27,5,391.4764811197917,,1
3,27,6,219.1364542643229,30.12091896353702,2
3,27,7,207.09496053059894,172.13790390489655,2
3,27,8,95.27274576822917,,1
3,27,9,98.17549641927083,,1
3,27,10,221.85441080729166,,1
3,27,13,237.24587504069012,49.338383829434385,4
3,27,21,355.3454081217448,56.51550085466024,2
3,27,80,87.31033325195312,,1
3,27,81,166.12672125124462,85.78838379782049,17
3,27,89,208.89825439453125,,1
3,27,95,90.53192138671875,,1
3,27,96,142.17394002278647,39.4364056890734,3
3,27,111,200.33334780962042,110.37707104786915,13
3,27,112,199.8533198038737,42.04538223157948,4
3,27,115,206.3584187825521,,1
3,27,212,193.005461913568,96.73170104741602,72
3,27,215,97.5300801595052,,1
3,27,312,238.59883553641185,86.21668481541907,7
3,27,411,155.89611858791773,100.24924117688066,12
3,37,31,195.86668650309244,98.79750380274602,4
3,37,39,159.47183329264323,84.76843244151178,5
3,37,118,258.7431640625,,1
3,37,119,381.2960611979167,,1
3,37,120,48.639668782552086,,1
3,37,125,353.6500651041667,,1
3,37,126,247.47892252604166,63.0725756235796,3
3,37,128,181.12088230678015,73.79730683011103,7
3,37,129,328.43145751953125,108.56710243059455,2
3,37,132,176.88903096516927,123.9910422065323,5
3,37,133,158.6912078857422,27.109825792718524,4
3,37,134,219.41911933535624,111.92948331891061,7
3,37,135,184.6415175726247,85.08576686641013,43
3,37,136,227.83378092447919,92.13085192429493,8
3,37,137,187.44730490225334,125.09499350234474,9
3,37,138,76.38883463541666,26.66865194500474,2
3,37,140,276.85308837890625,,1
3,37,141,267.5500933329264,148.6236941715867,4
3,37,142,294.91882324218756,76.60806269235987,6
3,37,143,205.96844228108725,59.360833748985584,4
3,37,173,93.60750325520833,,1
3,37,184,197.7120869954427,113.52244185846443,4
3,37,185,171.20102606879342,171.9774390092468,3
3,37,186,305.8940836588542,,1
3,37,188,98.10508219401042,,1
3,37,190,206.80812174479166,90.73346743985672,5
3,37,191,257.64401880900067,105.24284936923748,8
3,37,192,231.07715861002606,127.2881303794513,8
3,37,193,211.76004262556114,126.08635445201934,19
3,37,218,227.80816650390625,94.67099830450057,2
3,37,219,68.05441792805989,,1
3,37,226,271.82054646809894,26.663285920643908,2
3,37,227,26.559292475382488,18.9426243551119,2
3,37,228,228.13804608299617,124.21070081027848,7
3,37,229,182.32237243652344,104.15559022347693,2
3,37,232,221.38503165678546,108.13958507009941,11
3,37,233,198.37003835042316,134.92500864024674,4
3,37,234,260.9793701171875,173.53337234731754,2
3,37,235,186.66583159475613,121.46649098771238,11
3,37,236,250.00509134928387,73.49683899727738,8
3,37,237,287.2064141167535,48.68794596689098,3
3,37,238,210.0134829566592,144.73794378670365,7
3,37,240,327.13987223307294,107.72269447916786,2
3,37,241,134.39458211263022,,1
3,37,242,150.6961669921875,,1
3,37,243,175.95302124023436,58.656215110536856,5
3,37,274,231.40608723958334,172.75928377142876,2
3,37,283,254.2127482096354,118.8042787381711,4
3,37,284,197.58125229676565,135.85981353316987,8
3,37,285,76.95116678873698,,1
3,37,288,214.76361974080402,161.9084028116415,4
3,37,290,232.22383626302084,113.47438415709244,4
3,37,291,228.82971235634625,86.10611644213292,23
3,37,292,97.0294175863266,76.53315008174508,5
3,37,317,146.2689208984375,,1
3,37,320,251.1065877278646,,1
3,37,329,136.16277398003476,54.109027331384624,3
3,37,338,300.96616617838544,,1
3,37,340,246.4400838216146,61.55792265300892,3
3,37,341,247.07523600260419,53.434529478833205,4
3,37,342,284.206298828125,37.32327454568872,2
3,37,343,119.46958605448405,85.68071218408389,4
3,37,374,164.43527221679688,128.7537759788359,3
3,37,375,290.17966715494794,,1
3,37,383,252.9594767888387,172.24004811360678,4
3,37,384,263.8407928466797,93.21030008464089,15
3,37,388,267.64012145996094,152.47820768012778,2
3,37,390,227.45197550455728,54.18313597625952,3
3,37,391,232.37214152018228,134.1524394093398,4
3,37,392,197.35757039388022,87.5675960872883,5
3,37,417,159.90085940890842,97.19712228063955,6
3,37,419,119.41724650065105,,1
3,37,426,167.43258666992188,,1
3,37,429,242.1176537407769,99.15877344225144,6
3,37,440,209.09573109944662,87.72837989970778,4
3,37,441,100.88778686523438,116.04252103792736,2
3,37,442,290.65426974826386,147.88507816862193,3
3,37,443,210.27813212076825,82.47506326351375,20
3,37,483,284.17919921875,48.58407087952854,2
3,37,484,189.10385640462238,92.62608893794621,4
3,37,486,258.3423665364583,38.655784523177886,5
3,37,493,262.6586507161458,46.6226281583966,4
3,37,517,240.9813741048177,26.44231505152311,2
3,37,529,205.25447591145831,89.09270581303899,4
3,37,542,120.37883249918622,28.892011394816365,4
3,37,583,218.36195627848306,159.59504154362293,6
3,37,593,231.03644677770058,103.5258064048147,57
3,37,642,142.1740926106771,,1
3,37,674,207.205078125,,1
4,1,13,63.45091756184896,,1
4,2,2,22.526583353678387,,1
4,2,3,87.1886001586914,79.72625116061175,5
4,2,5,83.6965840657552,,1
4,2,6,119.23174540201822,37.88513182296392,2
4,3,11,73.81522295210097,57.12912496465156,12
4,3,312,158.53210957845053,87.4758591388521,3
4,3,412,366.7257486979167,,1
4,9,3,135.79404391182797,108.35215252212969,6
4,9,7,137.787798055013,52.227251973000335,5
4,9,106,44.2522767384847,42.30324222821179,3
4,12,2,69.8854734632704,36.41247597491976,3
4,12,4,146.20934041341147,,1
4,12,101,14.894750118255615,16.48089122158351,2
5,1,1,121.5385815278448,89.82630738188915,33
5,1,2,195.8447062174479,71.86755046826046,4
5,1,3,185.94571855333115,135.40870866803573,3
5,1,5,176.4724329168146,96.09025112928363,11
5,1,14,148.7457273978371,91.2416185420464,37
5,1,16,179.93085013495553,107.97766652231789,9
5,1,106,237.0941365559896,177.3911266651362,2
5,1,107,146.7434767314366,103.98143065892262,14
5,1,108,202.59089260236593,79.17060042484239,47
5,1,109,133.42065514458548,75.32731961402305,9
5,1,110,139.04384782579208,122.25276743705473,6
5,1,111,81.9600617090861,144.36236485345276,4
5,1,112,112.06844914754231,68.96590011692491,5
5,1,113,110.79239350273495,98.84376556644493,7
5,1,206,143.23338996039496,121.97529986670003,3
5,1,207,130.62642590204877,75.75412631626828,8
5,1,208,170.49113998413083,73.32887297560947,10
5,1,209,174.92304026285802,102.84163464111047,10
5,1,210,191.51383145650226,129.69050137515774,4
5,1,308,232.18512980143228,87.90105458733424,4
5,1,309,149.39545004897647,108.41062853773894,24
5,1,310,149.25557546904594,67.51668833220971,11
5,1,313,81.8139139811198,,1
5,1,409,150.94349543253583,111.39746010377492,5
5,1,410,192.29677789861506,113.8259141352632,22
5,1,413,306.29616292317706,,1
5,1,613,166.58224487304688,,1
5,4,6,25.929583231608074,,1
5,5,104,168.07899729410806,140.23836006108397,2
5,6,111,350.4243977864583,,1
5,7,3,151.58175093332926,154.27185030648013,5
5,8,301,302.2060852050781,38.277347922591225,2
5,9,2,236.80083465576172,154.77664750324234,4
5,10,9,174.7105712890625,,1
5,10,104,397.5011800130208,,1
5,10,212,350.23583984375,,1
5,12,101,336.1615804036458,,1
5,12,203,363.8832600911458,,1
5,14,2,176.7535383436415,109.42109470601899,9
5,14,10,38.084999084472656,,1
5,14,103,123.32418627616688,95.40093202066109,13
5,14,107,52.74250237147014,67.11610423297839,2
5,14,108,280.56683349609375,,1
6,1,1,118.00908470153809,150.64148732939444,4
6,1,2,182.84221848987394,143.99353921072984,7
6,1,3,188.67539723714194,121.21298389667626,6
6,1,4,206.24716186523438,112.8365685638831,3
6,1,5,248.6850789388021,80.52768301857772,2
6,1,6,200.768798828125,7.0118545242807615,2
6,1,7,194.0850341796875,95.83123760524143,10
6,1,8,164.95508151584204,130.82154122868633,9
6,1,9,58.269002278645836,,1
6,1,10,137.7296367958188,108.37198486410387,8
6,1,11,139.43991427951389,36.75679910828143,6
6,1,12,136.93238321940103,77.94358366438279,5
6,1,13,72.85688951280382,59.18124952518919,3
6,1,14,194.6628697713216,204.2456077741481,2
6,1,15,82.92385609944662,19.808958394319628,4
6,1,16,172.28436497279577,100.80152814874414,7
6,1,17,168.9069620768229,116.4880789807771,9
6,1,18,177.84506162007648,138.89929409610434,4
6,1,19,131.90462917751736,66.14686674399388,9
6,1,20,85.89353579566591,33.44518819440901,7
6,1,21,176.92604064941406,92.9396513482607,4
6,1,22,77.69069976806641,32.054054186237245,5
6,1,23,121.28664668401083,88.09878607459879,8
6,1,24,170.47137451171875,25.593202837453052,2
6,1,25,181.03028564453126,114.23918083059587,5
6,1,27,209.030522664388,148.4387428467978,5
6,1,28,190.09576431428545,89.96793892237973,33
6,1,29,124.57041524251304,61.26371319768202,5
6,1,31,251.0011494954427,149.87986113207216,5
6,1,32,182.49259440104166,,1
6,1,33,85.18858337402344,18.10652708786197,2
6,1,35,198.98777378929984,175.0602235010236,6
6,1,126,171.52088470458986,109.88385053524613,10
6,1,130,156.81017049153647,116.79341357644192,3
6,1,230,156.40437270655775,106.96590372498999,11
6,1,234,214.59149169921875,,1
6,2,2,119.76431636810302,68.13444244535177,5
6,2,3,83.89883422851562,,1
6,2,4,73.81500244140625,,1
6,2,5,351.56005859375,,1
6,2,101,51.33266597323947,64.73942996097128,3
6,2,107,149.76712036132812,202.27761114675855,2
6,2,108,0.5448333422342936,,1
6,3,2,58.01874923706055,22.36342981895095,2
6,4,10,205.24904378255206,234.37249338273512,2
6,4,11,2.1187499364217124,,1
6,5,2,113.166748046875,,1
6,5,5,207.1124267578125,,1
6,6,4,155.12158203125,,1
6,9,5,46.72241719563802,,1
6,9,11,326.38649495442706,,1
6,10,8,103.86300150553386,80.59983094467795,3
6,10,9,71.2725830078125,,1
6,11,2,189.04326266334172,122.53526274702017,7
6,11,3,68.15483093261719,,1
6,11,5,316.8319905598958,,1
6,11,104,262.0885009765625,,1
6,12,4,272.3125,,1
6,12,6,99.57816823323567,30.434345856949616,2
7,1,1,184.71708170572916,,1
7,1,2,164.4968719482422,3.80428828688849,2
7,1,3,24.38574981689453,11.06633909178866,2
7,1,4,211.3847147623698,28.91707369668172,2
7,1,5,304.50286865234375,145.2389444961057,2
7,1,6,114.62816365559895,,1
7,1,7,101.34291585286458,,1
7,1,8,166.99032447451637,88.88226070037103,7
7,1,9,123.79826863606772,122.7805150586003,4
7,1,10,185.3068339029948,67.33294561007787,2
7,1,11,189.16166178385416,,1
7,1,12,149.70918782552084,68.13175908739284,4
7,1,13,181.9681357258842,171.51811005375205,7
7,1,14,221.82366943359375,73.01867281102373,2
7,1,15,158.0123748779297,21.49798395901314,2
7,1,16,271.12994384765625,116.7320343565834,3
7,1,17,144.80091669718425,75.95148913642133,25
7,1,18,48.195498148600265,2.6245433747528835,2
7,1,20,162.69238705105252,78.60991145673368,6
7,1,22,65.06847296820747,28.8267980376323,3
7,1,23,215.73382568359375,15.415393940293788,2
7,1,24,122.16208224826387,99.86913824455489,3
7,1,26,3.581000010172526,,1
7,1,27,146.48465983072916,,1
7,1,29,94.17137781778972,117.99638509646587,2
7,1,121,237.8170878092448,89.66044068881368,2
7,1,128,143.57500203450522,,1
7,1,221,125.2855405807495,81.48906843122184,4
7,1,225,233.62828776041664,80.19608393618331,5
7,2,1,311.46925862630206,,1
7,2,2,68.41800006230672,92.76474939518616,2
7,3,1,304.9090983072917,,1
7,3,2,220.06075032552084,,1
7,4,2,37.52149963378906,,1
7,4,4,254.81576029459637,143.30863591782932,2
7,4,101,53.89041646321615,,1
7,4,103,67.84458414713542,,1
7,4,201,219.07174682617188,99.80924457796337,4
7,5,101,95.13475290934245,55.456973425806666,2
7,6,1,89.9120421409607,121.90137962514426,2
8,1,5,168.28127161661783,97.17807455220346,4
8,1,6,174.8172607421875,,1
8,1,7,193.01497734917538,107.25983633023841,3
8,1,9,144.0380859375,,1
8,1,10,280.8079121907552,130.55912747697172,2
8,1,11,123.83157071471213,73.46030589471573,8
8,1,12,234.3812459309896,,1
8,1,13,15.425666809082031,,1
8,1,14,163.51765950520834,,1
8,1,17,107.6814359029134,26.7228836425018,4
8,1,19,366.590576171875,,1
8,1,20,91.47316487630208,,1
8,1,21,251.75091552734375,,1
8,1,22,245.66868845621744,189.52838565500835,3
8,1,23,241.49874369303387,108.54583254582926,2
8,1,24,123.82649739583333,,1
8,1,26,260.4624440511068,83.98571341185976,10
8,1,28,178.5718248155382,63.23051403528926,9
8,1,29,188.64706087112427,127.69818660548961,4
8,1,132,114.84408569335938,,1
8,1,332,125.80640836556753,123.66404803347753,8
8,2,2,186.95063951280383,62.39033462952814,3
8,2,3,224.10400390625,,1
8,2,5,197.5769246419271,,1
8,2,9,0.1477500001589457,,1
8,2,10,93.74981731838649,53.67882529644848,6
8,2,11,97.94677988688152,87.76590922320104,3
8,2,17,85.46779123942056,46.402289252101866,2
8,2,101,174.80391438802084,,1
8,2,107,146.93307495117188,,1
8,2,108,183.51708984375,,1
8,2,207,163.87407938639322,30.916824096914198,2
8,3,3,299.2154134114583,,1
8,3,7,340.9110921223958,,1
8,3,102,104.1913350423177,,1
8,5,8,301.74729410807294,92.89411054873325,2
8,5,105,151.5643310546875,,1
8,5,305,207.4665730794271,,1
8,6,3,228.18225945366757,168.01049628730425,3
8,7,2,7.633166631062825,,1
8,8,6,155.49000040690103,51.77777608616576,2
8,8,8,405.0872395833333,,1
8,9,3,105.5140889485677,,1
8,9,4,180.0186767578125,,1
8,9,101,163.64283243815103,,1
8,10,1,94.81182861328125,,1
8,10,2,331.3808186848958,,1
8,10,4,313.7479248046875,,1
8,11,205,156.0887451171875,,1
8,12,2,147.82250213623047,98.54970960888117,2
8,12,5,19.859583536783855,,1
8,12,104,161.24307759602863,126.60699299073728,2
8,13,105,113.65491739908855,,1
8,13,204,145.41441853841147,,1
8,13,206,58.01587677001953,40.06885557716997,2
9,1,2,230.83333333333334,,1
9,1,7,367.4918212890625,,1
9,1,16,288.4823404947917,,1
9,1,24,177.06480238172745,158.62327875810348,3
9,1,27,134.28140177787878,151.00396491927373,13
9,1,129,163.27666770087347,155.2664921207112,3
9,2,5,385.76416015625,,1
9,3,1,316.1161295572917,116.53174996671584,2
9,3,2,185.64408026801212,132.76020283521493,3
9,5,2,250.4918212890625,,1
9,6,1,77.06083170572917,,1
9,6,4,98.04870142255511,91.9682014292629,7
9,7,103,189.86407470703125,,1
9,9,4,71.46860567728679,69.88795194229131,15
9,9,6,113.23866780598958,,1
9,9,105,91.01024921735127,125.21470331982678,2
9,10,101,352.8042399088542,,1
9,13,2,158.69708251953125,,1
10,1,3,72.42000155978734,15.364276477445816,3
10,1,12,377.6009114583333,,1
10,1,13,158.03105748494465,102.32449762609143,10
10,1,14,156.82723026649626,77.96449601437422,17
10,1,15,87.31846480766932,79.50032900195164,5
10,1,16,395.7931722005208,,1
10,1,18,106.32964155409071,70.31839227473795,3
10,1,21,139.12947167290582,105.56185208993533,6
10,1,23,169.3901942217792,79.73947134690458,36
10,1,24,240.3329060872396,,1
10,1,25,64.42628987630208,17.698234494338692,2
10,1,26,108.53694619072807,124.78541289594479,3
10,1,31,208.41618419828868,98.44886357593742,14
10,1,34,210.50310991812444,82.13392197271334,23
10,1,35,129.08969370524088,88.73521522871897,3
10,1,36,190.25883314344617,127.50666452344163,3
10,1,38,187.5723168891773,97.45810982323464,19
10,1,44,211.48043823242188,117.8206161294853,8
10,1,45,232.6521174112956,111.61729379027837,4
10,1,46,139.5897216796875,14.778262279798078,3
10,1,58,193.52135721842447,64.26773661312843,8
10,1,62,28.787498474121094,,1
10,1,64,187.1575975418091,132.89506156411673,8
10,1,65,61.51369391547309,1.6844269629262971,3
10,1,66,267.905030861879,79.39711505095578,13
10,1,67,197.09456626574197,134.22347443552746,4
10,1,68,107.83037611367045,71.3905603583981,23
10,1,69,154.9784008026123,77.7072476755998,30
10,1,71,180.91963958740234,83.95597998544656,6
10,1,72,168.73383543226453,138.97118299318342,3
10,1,73,202.45070386500583,83.11692183807668,56
10,1,74,199.8238321940104,,1
10,1,75,128.92666625976562,,1
10,1,77,170.94719441731772,32.9035467145092,3
10,1,78,248.10853881835934,79.09122871253231,5
10,1,101,191.20149943033852,65.44670830258923,5
10,1,117,253.15584309895831,99.28333361366843,2
10,1,120,201.24974365234377,122.7859689375977,5
10,1,127,208.30514272054037,128.99830396915374,4
10,1,128,168.88575236002603,,1
10,1,137,88.10366821289062,,1
10,1,139,215.61969248453778,153.53156255452237,4
10,1,143,206.89591471354166,41.947776279342044,4
10,1,157,214.35287475585938,31.92037854831803,2
10,1,163,85.93812306722006,51.42604613682645,2
10,1,205,90.42325146993002,65.86582221321324,4
10,1,207,178.43025716145834,,1
10,1,211,193.77349853515625,,1
10,1,217,168.72201538085935,51.66520221007743,5
10,1,220,258.06019897460936,140.34705471886485,5
10,1,227,215.65308295355905,83.25396940173458,3
10,1,228,98.1667849222819,101.38254787898832,2
10,1,229,228.06139402036317,106.84272205699212,9
10,1,230,202.83398778097967,108.8252497633455,14
10,1,232,199.20332790556404,130.1027377145939,14
10,1,233,232.5599568684896,206.45944168649675,2
10,1,237,228.35941569010416,190.14065668518018,2
10,1,240,198.44358723958334,100.2639433331838,5
10,1,243,164.57150522867838,109.10520968973013,3
10,1,247,111.28204345703125,31.260544571554092,2
10,1,257,208.71199544270834,,1
10,1,263,34.423998514811196,,1
10,1,317,193.61773681640625,85.04456473375292,6
10,1,329,226.17306213378907,131.4083689476508,5
10,1,330,1.309666633605957,,1
10,1,332,357.7729085286458,,1
10,1,333,233.50767644246417,111.6833383521303,8
10,1,339,77.7070821126302,,1
10,1,340,192.5905479662346,122.45107963611352,11
10,1,343,169.34239451090494,83.4225450912052,4
10,1,405,242.05054219563803,222.65973537508455,2
10,1,429,217.04649658203124,112.29198455892295,5
10,1,432,81.47683207194011,,1
10,1,529,181.12692934502556,83.77184615333047,619
10,1,530,202.4246991475423,93.51371052415564,36
10,1,533,168.17188023075914,87.47638566865568,11
10,1,629,202.66517770056635,98.68869669770922,17
10,1,633,203.86920960945417,79.28526172858068,79
10,1,732,125.957695733066,83.85123117600928,144
10,2,2,150.65050252278647,,1
10,2,211,401.5556640625,,1
10,3,7,263.44517008463544,,1
10,3,19,259.47849527994794,,1
10,3,203,398.1582438151042,,1
10,5,2,313.2274169921875,,1
10,5,13,261.99432373046875,,1
10,5,109,218.5084940592448,1.9906224043693632,2
10,6,10,79.31908162434895,,1
10,6,204,344.0865885416667,,1
11,1,1,64.7149149576823,,1
11,1,5,86.00075276692708,,1
11,1,9,110.07285817464191,83.7417755007007,4
11,1,10,93.0979995727539,48.09375220182497,2
11,1,11,106.73816935221355,,1
11,1,14,136.0997517903646,,1
11,1,15,183.76017252604166,,1
11,1,16,131.63175455729166,,1
11,1,18,117.048583984375,,1
11,1,19,177.78774685329861,76.84662232831728,3
11,1,30,170.21835327148438,44.279829687954,4
11,1,31,35.90691630045573,,1
11,1,33,155.7278743584951,103.34734144551506,4
11,1,122,346.5962117513021,39.99224586878547,2
11,1,124,392.4091796875,,1
11,1,126,216.75408935546875,,1
11,1,135,144.01741621229385,165.52065150044064,3
11,1,224,245.30000813802081,94.56540415219935,2
11,1,225,396.128173828125,,1
11,1,235,97.8050028483073,,1
11,1,322,134.8011678059896,74.18705628149995,2
11,2,4,129.82821994357639,93.6237150240088,3
11,2,102,83.06274795532227,67.82320494501874,2
11,2,111,203.54791259765625,,1
11,2,201,16.072333017985027,,1
11,2,213,168.19400024414062,,1
11,2,314,41.613749186197914,,1
11,4,2,91.65558115641277,122.28892945048759,2
11,4,103,36.426625569661454,7.281137595304222,2
11,6,108,130.23574829101562,,1
11,6,111,172.6525910695394,225.42895190964433,2
11,7,3,115.83299763997395,,1
11,10,3,127.04191589355469,35.671179225089915,2
11,10,102,187.3193359375,,1
11,11,1,293.63926188151044,,1
11,11,3,96.52524820963542,,1
11,11,8,254.15132649739584,,1
11,11,204,287.6719970703125,,1
11,12,1,266.7998809814453,165.73282013792974,2
11,12,2,154.10983276367188,,1
11,12,3,153.5041707356771,,1
11,12,6,195.12242126464844,82.802208392782,2
11,12,7,87.96266682942708,,1
11,12,8,292.23850504557294,,1
11,12,9,211.35169474283853,37.44861068365029,3
11,12,10,121.05758666992188,35.964979848437544,2
11,12,11,304.6629231770833,,1
11,12,25,270.56955295138886,47.5836849850038,3
11,12,26,394.7880859375,,1
11,12,28,249.70007832845053,188.74588596978737,2
11,12,29,282.1065673828125,,1
11,12,119,310.1821594238281,100.33442701279427,2
11,12,120,278.70941162109375,,1
11,12,121,248.37521362304688,46.83162514893285,2
11,12,122,142.41558837890625,,1
11,12,123,272.90000406901044,,1
11,12,124,352.1999918619792,,1
11,12,130,162.78529103597003,150.90265733035412,2
11,12,133,135.29341634114584,,1
11,12,134,23.9840825398763,,1
11,12,219,282.8450046115451,93.78865896543202,3
11,12,220,222.66817220052084,,1
11,12,221,250.9917500813802,68.13551871206427,2
11,12,222,4.781000137329102,,1
11,12,223,272.0658264160156,111.86864602492247,2
11,12,224,111.96541341145833,,1
11,12,227,271.54705132378473,75.51820971751128,3
11,12,230,182.21964518229169,113.16987199871367,4
11,12,234,155.62644672393802,133.95215516133197,3
11,12,330,211.44640689425995,82.44760837174664,42
11,12,430,309.7525939941406,43.34670162825835,2
12,1,1,81.00783284505208,,1
12,1,2,187.23387145996094,105.61270320848793,2
12,1,3,148.66655985514322,101.84175485799628,3
12,1,4,95.40954081217447,9.374768246133371,2
12,1,5,219.59586588541669,16.609643662246523,2
12,1,6,193.7350056966146,87.99778381628616,3
12,1,7,156.34022034539117,166.31192120985753,3
12,1,8,225.9523383246528,66.01828484299236,3
12,1,9,299.9900716145833,,1
12,1,10,253.1737060546875,34.57191911875773,4
12,1,11,105.76944563123914,95.81384265284689,6
12,1,12,175.64754231770831,159.99894426226228,4
12,1,13,134.3070271809896,69.35895287548881,3
12,1,14,136.16008165147568,22.665224800830824,3
12,1,15,143.8443323771159,119.70775664394318,2
12,1,16,199.10905965169272,128.54551678372698,3
12,1,17,165.94109514024524,110.26306268213358,6
12,1,19,128.40040630764432,85.68191849857291,6
12,1,20,173.27998089790344,131.24614700056335,8
12,1,22,148.49391508102417,145.0181743651505,4
12,1,23,130.5772684733073,70.17740453716452,5
12,1,24,15.321584065755209,,1
12,1,25,141.96663411458334,51.39333232962943,5
12,1,28,152.8093075222439,69.97808568346579,3
12,1,118,190.2643035888672,83.84982160086746,35
12,1,218,176.01541239420575,143.0804472884344,5
12,2,103,126.09283447265625,,1
12,3,5,44.04191589355469,,1
12,4,1,315.00282796223956,,1
12,4,105,28.47516632080078,,1
12,8,4,383.9936116536458,,1
12,10,2,381.72344292534723,19.317320652834173,3
13,1,8,188.83333333333334,,1
13,1,9,206.43221028645831,9.883411249653541,2
13,1,110,77.61054229736328,0.9733903452951772,2
13,1,119,161.50632566264554,78.07879857718542,39
13,3,9,110.91233317057292,,1
13,3,105,212.46004231770831,13.194090032906718,2
13,5,303,364.2725016276042,,1
13,7,4,129.57808430989584,,1
13,9,308,190.03742811414932,78.2612352804762,6
14,1,9,134.57657877604166,,1
14,4,10,114.62100219726562,,1
14,5,7,97.4661636352539,52.343341386977144,2
14,6,1,403.7119954427083,,1
14,6,2,217.80000813802084,,1
14,6,5,81.01125081380208,,1
14,7,4,44.529998779296875,,1
14,7,6,71.30358378092448,,1
14,8,3,95.14150161743163,69.28697159895664,5
14,9,4,308.3009847005208,,1
15,1,1,218.95263284047437,109.9560625044503,50
15,1,2,181.48252157223072,109.26313284522223,54
15,1,3,280.06512451171875,123.68801240663687,2
15,1,4,159.57245381673178,98.40315456419039,2
15,1,5,124.06575520833333,103.83724932195341,5
15,1,6,210.8521065711975,162.82054164373238,4
15,1,7,178.39050123426648,145.9723861595748,3
15,1,8,202.23825073242188,214.10792536905893,2
15,1,9,84.31116739908855,,1
15,1,11,169.08949788411456,22.800539617696078,2
15,1,12,106.94629033406576,94.82095746585192,2
15,1,16,132.6449178059896,,1
15,1,17,225.59921264648438,26.446199305081905,2
15,1,19,150.42891438802084,103.08049357597038,2
15,1,20,140.685791015625,141.56495852998944,2
15,1,22,363.7790120442708,,1
15,1,23,404.9239095052083,,1
15,1,25,277.5885009765625,,1
15,1,26,139.31200154622397,,1
15,1,27,338.53558349609375,,1
15,1,29,225.9054972330729,,1
15,1,30,346.082763671875,,1
15,1,31,207.09774780273438,26.462772120265964,2
15,1,32,293.0003594292535,28.667301236612072,3
15,1,34,347.377685546875,,1
15,1,38,219.2955780029297,79.4807975608072,2
15,1,40,86.99753898382187,122.44007262920519,2
15,1,110,175.39274088541666,,1
15,1,139,196.85594007703992,83.4913681258044,18
15,1,210,189.6782938639323,26.250922053946113,2
15,1,339,208.3695068359375,,1
15,2,4,67.847583744261,62.6857649855374,3
15,2,6,270.56591796875,,1
15,2,7,130.69608561197916,,1
15,2,9,301.6684163411458,,1
15,2,11,247.68229166666669,46.99354097783614,2
15,2,12,220.18424479166666,,1
15,2,14,148.70849609375,,1
15,2,15,256.26442464192706,,1
15,2,19,283.5868387858073,79.92538691643507,5
15,2,20,290.19171142578125,133.45820485811456,2
15,2,21,350.438232421875,,1
15,2,24,180.8723347981771,165.17060320754723,2
15,2,25,206.5409952799479,,1
15,2,26,330.27834065755206,,1
15,2,27,269.3017578125,,1
15,2,28,202.66133626302081,8.205154762030244,2
15,2,33,297.6319986979167,,1
15,2,34,213.5752705891927,61.46201537624598,5
15,2,35,285.59744408017116,63.9457206505683,7
15,2,36,209.34603881835938,6.429547371324886,2
15,2,132,122.2278823852539,80.8936696170901,2
15,2,137,377.6285807291667,,1
15,2,140,212.49058363172742,40.92898603277764,3
15,2,232,33.412584940592446,,1
15,2,240,166.28815307617185,98.23317672853848,5
15,3,1,19.60200055440267,12.399000412950308,2
15,3,6,39.7754160563151,,1
15,3,8,116.41191609700522,28.69886496342494,2
15,3,9,126.77364857991536,103.39618974321566,5
15,3,10,195.88199869791666,,1
15,3,11,57.999664306640625,,1
15,3,104,107.17322285970052,58.795034037232384,3
15,3,107,294.25758870442706,153.5710999633832,2
15,3,202,287.7688395182292,27.757446962797566,3
15,3,205,204.1924051920573,70.92975789569716,5
15,3,207,155.9867830912272,144.98596074685378,5
15,3,302,78.17550277709961,84.01331685413908,2
15,3,305,137.71000162760416,,1
15,3,505,186.29503885904947,171.58069334576754,2
15,4,7,43.675333658854164,,1
15,4,9,62.69041951497396,,1
15,4,101,114.04733276367188,,1
15,4,301,110.1649169921875,,1
15,6,1,128.2562203906831,78.86189904329274,35
15,6,102,120.3344160715739,62.429804415008824,4
15,6,202,18.065250396728516,,1
15,7,4,85.84958224826387,11.884510854229525,3
15,7,103,169.67583211263022,,1
15,7,206,47.2302500406901,,1
15,8,101,26.792999267578125,,1
15,8,201,240.94500732421875,,1
15,8,302,261.6654052734375,,1
15,9,4,205.62146606445313,97.2928421196432,5
15,9,5,156.92039251327515,145.5040043397583,4
15,10,102,137.6950887044271,,1
15,11,102,170.41366577148438,,1
15,11,103,194.47674560546875,,1
15,11,105,249.92191569010416,,1
15,11,202,78.99633280436198,,1
15,11,203,48.95045693715413,66.89919362265572,2
15,11,306,25.78783416748047,,1
16,1,1,167.55970891316733,210.06616353022153,2
16,1,2,215.7337900797526,106.80600817951618,6
16,1,3,139.43597393944148,81.59204894018578,7
16,1,4,244.23812866210938,121.89537184477011,2
16,1,5,160.84474109468007,53.02762380820946,7
16,1,6,171.05506642659503,134.81697734820037,5
16,1,7,124.09836244583131,73.13335665884703,8
16,1,8,124.59816643043798,104.85610720317187,9
16,1,9,132.11737314860025,80.07939583159008,4
16,1,10,139.1955726464589,137.03017894007542,10
16,1,11,255.36047159830727,122.02064314844029,5
16,1,12,232.48947132958304,137.50780957030764,6
16,1,13,237.521487281436,92.92454670504745,7
16,1,14,134.31405666896276,158.93216658551538,7
16,1,15,123.47233581542969,42.8078909220985,2
16,1,16,178.61330498589408,54.61279491588023,3
16,1,17,228.45078279353953,145.04967032159533,9
16,1,18,117.35274082138426,128.35727078483168,7
16,1,19,136.71813165573846,74.63453055884757,7
16,1,20,149.74385156234106,134.77268366647718,4
16,1,22,209.58871866861983,82.84257258743948,5
16,1,24,190.83502536349826,67.50571519754475,3
16,1,25,174.14839045206705,127.58858731153468,6
16,1,26,274.79689534505206,60.92301319203432,4
16,1,27,140.31491597493488,11.819057080042086,2
16,1,28,75.43696848551433,68.880174185929,5
16,1,29,143.3656069437663,143.7555694358423,4
16,1,30,192.43806966145834,,1
16,1,31,151.36441802978516,125.37651541128696,2
16,1,32,222.42442784164894,125.66227072631467,11
16,1,33,182.63628196716306,137.89240756016974,10
16,1,121,221.5169647216797,95.86622646205437,5
16,1,221,163.6808895534939,70.48943798110842,3
16,2,5,115.46862443288168,123.54202928246656,4
16,2,6,192.3830769856771,,1
16,2,8,16.08216730753581,,1
16,2,103,150.19933064778647,,1
16,2,109,0.3330000042915344,,1
16,2,203,116.48341878255208,,1
16,2,207,154.42225138346353,,1
16,2,307,39.93470891316731,37.261757679951785,2
16,3,2,166.19833374023438,,1
16,3,4,114.20631754729482,122.90688629912664,6
16,3,5,51.347747802734375,,1
16,3,101,158.01199531555176,221.45287351779183,2
16,3,103,106.36897277832031,82.38562151850942,3
16,4,3,242.34375,,1
16,4,4,32.19300079345703,,1
16,4,5,133.70666694641113,130.11836928663223,4
16,5,2,52.73008473714192,5.5562125204785895,2
16,5,103,82.23920933405557,113.42352373887212,2
16,5,301,93.36442057291667,,1
16,6,4,212.28983561197916,,1
16,6,5,109.62975056966145,,1
16,6,16,150.22947947184247,109.93946054295253,4
16,6,19,169.66382853190106,39.47257590099575,2
16,6,22,246.9992116292318,61.64033655043396,4
16,6,108,196.53340657552084,,1
16,6,110,258.71971638997394,209.57154879615135,2
16,6,111,92.08412170410156,77.83683759349536,2
16,6,112,119.2571856180827,76.2682412761702,4
16,6,113,120.07327471839056,111.79825293001514,6
16,6,114,85.41868495941164,101.94811094679437,4
16,6,115,134.49055205451117,106.01842458422126,15
16,6,117,144.61160932268416,102.65623973537113,7
16,6,118,206.3502214219835,96.73197747229355,15
16,6,120,67.65691630045573,,1
16,6,121,125.1113296508789,117.61574366447648,5
16,6,203,177.67508951822916,,1
16,6,210,118.51358642578126,73.24870212264416,5
16,6,211,118.99527443022954,95.57309073147348,14
16,6,212,139.45896631876627,104.08169959456977,5
16,6,213,211.36063435872398,105.75251832944465,5
16,6,214,149.14039713541666,90.01123780689122,5
16,6,215,216.6600340207418,102.5643416507302,8
16,6,217,133.46597471691314,96.05550838294978,7
16,6,218,178.40283222198488,117.62663852281297,10
16,6,220,183.60199991861978,103.29699036043642,2
16,6,221,49.69366709391276,34.135464053480035,2
16,6,223,136.6034952799479,,1
16,6,303,274.6581624348958,,1
16,6,306,23.889916737874348,3.8518015616150167,3
16,6,308,237.6695760091146,39.314544325651234,2
16,6,311,143.71075066460506,110.70925573000261,15
16,6,313,116.38349914550781,23.929310894935025,2
16,6,314,155.36315002441407,60.145262515237995,5
16,6,315,145.92929077148438,74.04745249110805,4
16,6,317,145.87347007520273,98.26660564231877,11
16,6,321,28.687835693359375,,1
16,6,408,176.59082539876303,55.70669136779338,2
16,6,409,246.35125732421875,,1
16,7,1,198.9295213487413,91.24941321121442,3
16,7,2,114.12837028503418,134.65298237100222,2
16,7,3,46.17419566048516,79.19296139331311,3
16,7,5,55.52643191019693,42.79380251503855,5
16,7,6,11.263582865397135,,1
16,7,104,204.56406122843424,96.96730398087145,10
16,7,204,106.62386237250433,67.47919953628899,3
17,1,1,214.59011162651908,130.2607400355538,3
17,1,2,213.08227206499149,96.07844610883535,13
17,1,3,197.15823940700955,108.47173351630089,15
17,1,4,125.33481826782227,69.68552275415045,5
17,1,5,153.2011939154731,143.23234181088242,3
17,1,6,135.2431640625,,1
17,1,7,129.87475204467773,49.32827726221795,4
17,1,8,225.76268513997397,94.9769776973969,4
17,1,9,134.8668743769328,69.76994948859107,8
17,1,10,174.31082160384568,95.4592565691646,9
17,1,11,200.09376780192056,95.89605659608817,10
17,1,12,143.6583161354065,76.23763361156742,8
17,1,13,296.0396474202474,72.17967439319494,4
17,1,14,275.39610290527344,126.16512010303227,4
17,1,15,241.93208249409997,123.89739265610135,8
17,1,16,244.6825205485026,58.69154796887518,4
17,1,17,201.37041982014972,123.67183992807549,4
17,1,18,220.6265869140625,,1
17,1,19,174.30167360659001,94.26504577326524,9
17,1,20,128.94922892252606,100.05180836404597,4
17,1,21,136.6162150065104,73.8998309579267,5
17,1,22,150.40327962239584,52.31426235468949,3
17,1,23,103.05718157026503,68.133899421415,6
17,1,24,141.17835426330566,97.38092718021139,8
17,1,25,164.5035400390625,51.50488569447616,2
17,1,26,250.4170939127604,,1
17,1,27,210.04070366753476,129.59517066592417,9
17,1,28,252.30225287543405,13.344632993144861,3
17,1,29,148.9458096577571,74.97387882522348,26
17,1,30,139.46400515238443,76.44213073351989,4
17,1,31,168.43728129069012,113.94348082919323,5
17,1,32,112.97617891099718,59.98729049698491,6
17,1,33,44.88008117675781,,1
17,1,34,175.61131388346357,40.51033676084068,5
17,1,35,163.8621877034505,64.80601171496626,4
17,1,37,116.41428968641493,91.59845308760582,6
17,1,38,292.1384643554687,30.7133048606489,5
17,1,139,152.6796671549479,,1
17,1,140,163.04264831542972,74.69701378339694,9
17,1,236,250.28621758355035,103.18278131297647,9
17,2,6,130.64958699544272,,1
17,3,2,234.3985799153646,,1
17,3,7,198.77625020345053,111.9256158071923,5
17,3,9,278.95448811848956,,1
17,3,11,177.25675072603758,105.25971085309085,48
17,3,13,96.8666540781657,77.58287855901268,7
17,3,14,163.4337943256765,89.18399092978318,23
17,3,101,93.22308095296223,44.52462669567106,2
17,3,103,158.2152862548828,54.58504841514097,2
17,3,104,85.14283243815105,,1
17,3,105,250.13670857747394,95.03932624474145,2
17,3,112,359.267578125,,1
17,3,115,205.4981689453125,,1
17,3,201,318.59116617838544,,1
17,3,203,176.831293741862,67.53759542118972,2
17,3,204,213.8650919596354,,1
17,3,215,367.6106770833333,,1
17,3,612,77.87717988755968,84.77809154092579,6
17,3,712,198.28216552734375,,1
17,3,812,203.8324178059896,,1
17,4,2,150.68450927734375,,1
17,4,3,52.00250244140625,,1
17,6,3,110.78941853841145,,1
17,6,101,356.171142578125,,1
17,8,5,48.50666809082031,,1
17,9,1,270.62721761067706,137.46286223468832,3
17,9,3,82.64516703287761,,1
17,11,3,126.98462549845378,132.02113713903856,2
17,11,302,122.07166544596355,,1
17,12,2,400.1417643229167,,1
17,13,5,212.70657348632812,80.43585638722367,2
17,13,201,311.4614562988281,11.852454467585327,2
18,1,14,308.6199951171875,,1
18,1,19,258.56390380859375,,1
18,1,222,339.545166015625,,1
18,3,4,281.6284993489583,138.35665140719615,2
18,3,5,142.41989135742188,37.678055352821445,3
18,3,101,196.63306003146704,60.44319687251052,3
18,3,102,60.25749969482422,11.520419122401394,2
18,3,103,274.0211588541667,,1
18,3,201,191.41666666666666,,1
18,6,1,338.1267496744792,,1
18,7,201,234.92500813802084,,1
18,9,3,276.7600809733073,69.15563878559006,2
18,9,6,119.28284284803603,71.13343569853198,9
18,9,7,172.6090005238851,98.96480354348733,8
18,9,8,141.45453882217407,164.69713641724454,4
18,9,9,133.47830390930176,118.60491122666868,8
18,9,102,95.89118893941244,84.22751305932458,8
18,9,201,116.34466552734375,,1
18,9,304,80.00958251953125,59.600849773132225,2
18,9,404,119.99801381429036,46.22934247754546,6
18,10,2,278.51666259765625,,1
18,10,4,380.5735677083333,,1
18,10,5,156.86089415777298,110.94399096020935,7
18,10,6,189.93404388427734,153.90586147912038,2
18,10,7,122.68549946376255,128.46343161507963,7
18,10,8,269.48894585503473,61.38436793540362,3
18,10,9,282.17490641276044,,1
18,10,10,202.3695068359375,,1
18,10,11,391.0032552083333,,1
18,10,18,252.3635050455729,,1
18,10,113,147.0163288116455,184.17750476599454,2
18,10,116,114.19422794523693,75.77790289049584,7
18,10,117,9.860666910807291,,1
18,10,216,31.69041697184245,,1
18,11,2,240.18058268229166,91.27541470805943,3
18,11,3,130.70441691080728,,1
18,11,4,104.5985819498698,37.9709234751776,2
18,12,104,116.7130839029948,,1
18,14,5,298.346923828125,,1
18,14,6,57.63250223795573,,1
19,2,5,52.42747370402017,61.08656010533684,3
19,2,106,117.94664001464844,72.758251850427,6
19,2,307,23.398834228515625,,1
19,4,1,158.86270650227866,96.47134263592554,2
19,4,102,141.81278189023337,103.35637407765975,8
19,5,5,72.40149943033855,,1
19,6,5,37.5619150797526,,1
19,7,107,151.62225341796875,,1
19,9,6,226.85933430989584,,1
